14495655,Sofia Bonfiglio
14224671,Ashlee Capellan
14707100,Dona Mcinnes
14644633,Maricela Landreneau
14147356,Elinor Raco
14393910,Cody Mcmartin
14799737,Katy Vacek
14431660,Mathew Mercedes
14541837,Karina Rossin
14593654,Mathew Milian
14492026,Christian Mullarkey
14397374,Esmeralda Radovich
14824429,Nelson Tooker
14929292,Neil Brabant
14786148,Clinton Blumer
14973358,Julio Degroat
14557200,Elinor Greig
14472268,Malinda Dodgen
14359796,Mathew Eslick
14770506,Christian Durall
14354152,Max Plain
14338567,Earnestine Croswell
14277290,Clayton Ricard
14476919,Ted Tallmadge